<?xml version="1.0" encoding="UTF-8"?>
<metadata xml:lang="fr"><Esri><CreaDate>20260205</CreaDate><CreaTime>11201600</CreaTime><ArcGISFormat>1.0</ArcGISFormat><SyncOnce>TRUE</SyncOnce><DataProperties><lineage><Process ToolSource="c:\program files\arcgis\pro\Resources\ArcToolbox\toolboxes\Conversion Tools.tbx\ExportFeatures" Date="20260205" Time="112016">ExportFeatures wrl_ref_hlth\Adm3_a "C:\Users\ymbodji\OneDrive - MSF\GIS\2025\1_Niger\simulation\rougeole\data\aoi.shp" # NOT_USE_ALIAS "iso3 "iso3" true true false 3 Text 0 0,First,#,wrl_ref_hlth\Adm3_a,iso3,0,2;pcode "pcode" true true false 16 Text 0 0,First,#,wrl_ref_hlth\Adm3_a,pcode,0,15;name_fr "name_fr" true true false 160 Text 0 0,First,#,wrl_ref_hlth\Adm3_a,name_fr,0,159;health_area "name_en" true true false 160 Text 0 0,First,#,wrl_ref_hlth\Adm3_a,name_en,0,159" "iso3 ASCENDING;pcode ASCENDING;name_fr ASCENDING"</Process></lineage></DataProperties></Esri></metadata>
